{
  "env": "Linux-6.8.0-124-generic-aarch64-with-glibc2.35",
  "results": {
    "1": {
      "keygen_ms": 1.7044164997059852,
      "sign_ms": 86.21666650105908,
      "verify_ms": 18.1962080005178,
      "pk_kb": 4.0,
      "sk_kb": 1.0,
      "sig_kb": 54.0
    },
    "8": {
      "keygen_ms": 1.5959164993546437,
      "sign_ms": 1623.2174595006654,
      "verify_ms": 135.0265834989841,
      "pk_kb": 4.0,
      "sk_kb": 1.0,
      "sig_kb": 202.75
    },
    "32": {
      "keygen_ms": 1.631937999263755,
      "sign_ms": 5735.764293998727,
      "verify_ms": 550.004896498649,
      "pk_kb": 4.0,
      "sk_kb": 1.0,
      "sig_kb": 712.75
    }
  }
}