{
  "env": "Linux-6.8.0-124-generic-aarch64-with-glibc2.35",
  "python": "3.10.12",
  "results": {
    "lrs-128:1": {
      "param": "lrs-128",
      "n": 1,
      "reps": 8,
      "keygen_ms": 1.6317500048899092,
      "keygen_std": 0.10522885049310869,
      "sign_ms": 50.08108350011753,
      "sign_std": 135.8080575902706,
      "verify_ms": 18.43485399876954,
      "verify_std": 0.20642401173366562,
      "link_ms": 14.351374997204402,
      "link_std": 0.16152286415985442,
      "retries_mean": 3.375,
      "retries_all": [
        11,
        1,
        3,
        1,
        1,
        1,
        1,
        8
      ],
      "pk_kb": 4.0,
      "sk_kb": 1.0,
      "sig_kb": 54.0
    },
    "lrs-128:2": {
      "param": "lrs-128",
      "n": 2,
      "reps": 8,
      "keygen_ms": 1.6466669985675253,
      "keygen_std": 0.07586279424490958,
      "sign_ms": 687.2352504979062,
      "sign_std": 502.3999408212904,
      "verify_ms": 35.22004149999702,
      "verify_std": 0.252110692585468,
      "link_ms": 14.351354500831803,
      "link_std": 0.1876620984137533,
      "retries_mean": 12.875,
      "retries_all": [
        1,
        27,
        6,
        21,
        15,
        10,
        22,
        1
      ],
      "pk_kb": 4.0,
      "sk_kb": 1.0,
      "sig_kb": 75.25
    },
    "lrs-128:4": {
      "param": "lrs-128",
      "n": 4,
      "reps": 8,
      "keygen_ms": 1.6281250063912012,
      "keygen_std": 0.0812592987793764,
      "sign_ms": 363.35889600013616,
      "sign_std": 775.2717241683675,
      "verify_ms": 68.43620899962843,
      "verify_std": 0.46209961160809476,
      "link_ms": 14.477500000793952,
      "link_std": 0.15850071105808441,
      "retries_mean": 9.375,
      "retries_all": [
        4,
        26,
        4,
        3,
        4,
        3,
        23,
        8
      ],
      "pk_kb": 4.0,
      "sk_kb": 1.0,
      "sig_kb": 117.75
    },
    "lrs-128:8": {
      "param": "lrs-128",
      "n": 8,
      "reps": 8,
      "keygen_ms": 1.6313329979311675,
      "keygen_std": 0.08622688473011683,
      "sign_ms": 1643.4137920005014,
      "sign_std": 1603.106569540205,
      "verify_ms": 135.448812499817,
      "verify_std": 0.680707593912694,
      "link_ms": 14.575854500435526,
      "link_std": 0.16838823187790114,
      "retries_mean": 15.75,
      "retries_all": [
        11,
        10,
        6,
        24,
        37,
        22,
        8,
        8
      ],
      "pk_kb": 4.0,
      "sk_kb": 1.0,
      "sig_kb": 202.75
    },
    "lrs-128:16": {
      "param": "lrs-128",
      "n": 16,
      "reps": 6,
      "keygen_ms": 1.6232499983743764,
      "keygen_std": 0.06054120632512736,
      "sign_ms": 451.9856465012708,
      "sign_std": 1930.2859818657587,
      "verify_ms": 271.9470834999811,
      "verify_std": 0.7271844492245705,
      "link_ms": 14.676146001875168,
      "link_std": 0.12807268101489316,
      "retries_mean": 5.833333333333333,
      "retries_all": [
        17,
        1,
        1,
        2,
        13,
        1
      ],
      "pk_kb": 4.0,
      "sk_kb": 1.0,
      "sig_kb": 372.75
    },
    "lrs-128:32": {
      "param": "lrs-128",
      "n": 32,
      "reps": 3,
      "keygen_ms": 1.6227079977397807,
      "keygen_std": 0.05751463862064267,
      "sign_ms": 4023.785418001353,
      "sign_std": 2349.865345078829,
      "verify_ms": 552.7013750033802,
      "verify_std": 1.7753736810129712,
      "link_ms": 14.958687501348322,
      "link_std": 0.1440106732082514,
      "retries_mean": 7.666666666666667,
      "retries_all": [
        3,
        7,
        13
      ],
      "pk_kb": 4.0,
      "sk_kb": 1.0,
      "sig_kb": 712.75
    },
    "lrs-128:64": {
      "param": "lrs-128",
      "n": 64,
      "reps": 3,
      "keygen_ms": 1.6746249966672622,
      "keygen_std": 0.10657211410393792,
      "sign_ms": 7043.3333789987955,
      "sign_std": 2923.276913288493,
      "verify_ms": 1147.0968749999884,
      "verify_std": 1.7058470970548159,
      "link_ms": 15.759750000142958,
      "link_std": 0.134521878499601,
      "retries_mean": 6.666666666666667,
      "retries_all": [
        10,
        6,
        4
      ],
      "pk_kb": 4.0,
      "sk_kb": 1.0,
      "sig_kb": 1392.75
    }
  }
}