{
  "env": "Linux-6.8.0-124-generic-aarch64-with-glibc2.35",
  "python": "3.10.12",
  "results": {
    "lrs-128:1": {
      "param": "lrs-128",
      "n": 1,
      "reps": 8,
      "keygen_ms": 1.4402090000658063,
      "keygen_std": 0.03675521936418707,
      "sign_ms": 44.922958499228116,
      "sign_std": 120.18776127496388,
      "verify_ms": 16.19589549864031,
      "verify_std": 0.3702629778850316,
      "link_ms": 12.700332999884267,
      "link_std": 0.1524858620441582,
      "retries_mean": 3.375,
      "retries_all": [
        11,
        1,
        3,
        1,
        1,
        1,
        1,
        8
      ],
      "pk_kb": 4.0,
      "sk_kb": 1.0,
      "sig_kb": 54.0
    },
    "lrs-128:2": {
      "param": "lrs-128",
      "n": 2,
      "reps": 8,
      "keygen_ms": 1.4909580004314194,
      "keygen_std": 0.04919144422158034,
      "sign_ms": 619.2553959990619,
      "sign_std": 451.40805459806944,
      "verify_ms": 31.716103999315237,
      "verify_std": 0.45715970071515666,
      "link_ms": 13.00008349971904,
      "link_std": 0.18557460176414545,
      "retries_mean": 12.875,
      "retries_all": [
        1,
        27,
        6,
        21,
        15,
        10,
        22,
        1
      ],
      "pk_kb": 4.0,
      "sk_kb": 1.0,
      "sig_kb": 75.25
    },
    "lrs-128:4": {
      "param": "lrs-128",
      "n": 4,
      "reps": 8,
      "keygen_ms": 1.4881250008329516,
      "keygen_std": 0.04256707948797973,
      "sign_ms": 328.15697900059604,
      "sign_std": 704.421886789216,
      "verify_ms": 62.03127050139301,
      "verify_std": 0.33085758115595765,
      "link_ms": 13.088249998872925,
      "link_std": 0.14249640977438716,
      "retries_mean": 9.375,
      "retries_all": [
        4,
        26,
        4,
        3,
        4,
        3,
        23,
        8
      ],
      "pk_kb": 4.0,
      "sk_kb": 1.0,
      "sig_kb": 117.75
    },
    "lrs-128:8": {
      "param": "lrs-128",
      "n": 8,
      "reps": 8,
      "keygen_ms": 1.4637499989476055,
      "keygen_std": 0.03704089118980042,
      "sign_ms": 1476.73793749982,
      "sign_std": 1414.4761371932962,
      "verify_ms": 121.87529150014598,
      "verify_std": 2.208068498614729,
      "link_ms": 13.304333499945642,
      "link_std": 0.2179606381683938,
      "retries_mean": 15.75,
      "retries_all": [
        11,
        10,
        6,
        24,
        37,
        22,
        8,
        8
      ],
      "pk_kb": 4.0,
      "sk_kb": 1.0,
      "sig_kb": 202.75
    },
    "lrs-128:16": {
      "param": "lrs-128",
      "n": 16,
      "reps": 8,
      "keygen_ms": 1.4699579987791367,
      "keygen_std": 0.028938649907058536,
      "sign_ms": 533.8854795008956,
      "sign_std": 1602.8378099689037,
      "verify_ms": 244.0319580000505,
      "verify_std": 1.397765639099127,
      "link_ms": 13.186312499783526,
      "link_std": 0.13805245614349432,
      "retries_mean": 6.0,
      "retries_all": [
        17,
        1,
        1,
        2,
        13,
        1,
        2,
        11
      ],
      "pk_kb": 4.0,
      "sk_kb": 1.0,
      "sig_kb": 372.75
    },
    "lrs-128:32": {
      "param": "lrs-128",
      "n": 32,
      "reps": 5,
      "keygen_ms": 1.4842500004306203,
      "keygen_std": 0.03603608558217255,
      "sign_ms": 6691.075250000722,
      "sign_std": 6717.996347472627,
      "verify_ms": 495.7494160007627,
      "verify_std": 1.1704169507234916,
      "link_ms": 13.48368799972377,
      "link_std": 0.1282555862171863,
      "retries_mean": 15.4,
      "retries_all": [
        3,
        7,
        13,
        14,
        40
      ],
      "pk_kb": 4.0,
      "sk_kb": 1.0,
      "sig_kb": 712.75
    },
    "lrs-128:64": {
      "param": "lrs-128",
      "n": 64,
      "reps": 4,
      "keygen_ms": 1.4894160012772772,
      "keygen_std": 0.02332296423832434,
      "sign_ms": 8445.46787499985,
      "sign_std": 12597.944640580707,
      "verify_ms": 1032.943333500043,
      "verify_std": 4.658441001301258,
      "link_ms": 13.972270500744344,
      "link_std": 0.12661012273602035,
      "retries_mean": 13.5,
      "retries_all": [
        10,
        6,
        4,
        34
      ],
      "pk_kb": 4.0,
      "sk_kb": 1.0,
      "sig_kb": 1392.75
    },
    "lrs-512:1": {
      "param": "lrs-512",
      "n": 1,
      "reps": 8,
      "keygen_ms": 0.4006670005765045,
      "keygen_std": 0.010606639512509855,
      "sign_ms": 90.40204150005593,
      "sign_std": 177.8243412752265,
      "verify_ms": 4.874270999607688,
      "verify_std": 0.048167510270441354,
      "link_ms": 3.5401664999881177,
      "link_std": 0.06213414879129118,
      "retries_mean": 16.375,
      "retries_all": [
        10,
        7,
        4,
        9,
        67,
        7,
        13,
        14
      ],
      "pk_kb": 2.0,
      "sk_kb": 0.5,
      "sig_kb": 27.0
    },
    "lrs-512:2": {
      "param": "lrs-512",
      "n": 2,
      "reps": 8,
      "keygen_ms": 0.4057080004713498,
      "keygen_std": 0.013965056844077431,
      "sign_ms": 211.01418750004086,
      "sign_std": 111.07254450274657,
      "verify_ms": 9.067291499377461,
      "verify_std": 0.030718965748848807,
      "link_ms": 3.5706875005416805,
      "link_std": 0.08983509065684737,
      "retries_mean": 13.125,
      "retries_all": [
        23,
        2,
        21,
        20,
        6,
        11,
        2,
        20
      ],
      "pk_kb": 2.0,
      "sk_kb": 0.5,
      "sig_kb": 37.625
    },
    "lrs-512:4": {
      "param": "lrs-512",
      "n": 4,
      "reps": 8,
      "keygen_ms": 0.40545800038671587,
      "keygen_std": 0.027405602710785966,
      "sign_ms": 123.49531300060335,
      "sign_std": 95.25706252072642,
      "verify_ms": 17.516250000880973,
      "verify_std": 0.2560096351688153,
      "link_ms": 3.6203539993948652,
      "link_std": 0.09769936956416449,
      "retries_mean": 5.875,
      "retries_all": [
        2,
        2,
        7,
        15,
        4,
        7,
        1,
        9
      ],
      "pk_kb": 2.0,
      "sk_kb": 0.5,
      "sig_kb": 58.875
    },
    "lrs-512:8": {
      "param": "lrs-512",
      "n": 8,
      "reps": 8,
      "keygen_ms": 0.40058299964584876,
      "keygen_std": 0.01855064152045226,
      "sign_ms": 319.0414580003562,
      "sign_std": 250.1319550378582,
      "verify_ms": 34.928645500258426,
      "verify_std": 0.537913126516469,
      "link_ms": 3.7365205007517943,
      "link_std": 0.11537054952150828,
      "retries_mean": 9.75,
      "retries_all": [
        22,
        17,
        6,
        8,
        2,
        3,
        12,
        8
      ],
      "pk_kb": 2.0,
      "sk_kb": 0.5,
      "sig_kb": 101.375
    },
    "lrs-512:16": {
      "param": "lrs-512",
      "n": 16,
      "reps": 8,
      "keygen_ms": 0.40179200004786253,
      "keygen_std": 0.011598767582915953,
      "sign_ms": 786.0576874991239,
      "sign_std": 511.81629587281697,
      "verify_ms": 69.57512500048324,
      "verify_std": 0.6899467508343688,
      "link_ms": 3.7392289996205363,
      "link_std": 0.19676862590837468,
      "retries_mean": 11.25,
      "retries_all": [
        5,
        27,
        11,
        14,
        10,
        3,
        8,
        12
      ],
      "pk_kb": 2.0,
      "sk_kb": 0.5,
      "sig_kb": 186.375
    },
    "lrs-512:32": {
      "param": "lrs-512",
      "n": 32,
      "reps": 8,
      "keygen_ms": 0.4147500003455207,
      "keygen_std": 0.013362579365300433,
      "sign_ms": 838.0786454999907,
      "sign_std": 769.0630666482409,
      "verify_ms": 145.99841600011132,
      "verify_std": 2.8146982612117943,
      "link_ms": 3.913145499609527,
      "link_std": 0.16000361812918,
      "retries_mean": 7.375,
      "retries_all": [
        4,
        1,
        5,
        10,
        15,
        6,
        3,
        15
      ],
      "pk_kb": 2.0,
      "sk_kb": 0.5,
      "sig_kb": 356.375
    },
    "lrs-512:64": {
      "param": "lrs-512",
      "n": 64,
      "reps": 30,